{
  "No Churn": {
    "precision": 0.8333333333333334,
    "recall": 0.9099709583736689,
    "f1-score": 0.8699676075890791,
    "support": 1033.0
  },
  "Churn": {
    "precision": 0.6642599277978339,
    "recall": 0.4946236559139785,
    "f1-score": 0.5670261941448382,
    "support": 372.0
  },
  "accuracy": 0.8,
  "macro avg": {
    "precision": 0.7487966305655837,
    "recall": 0.7022973071438237,
    "f1-score": 0.7184969008669586,
    "support": 1405.0
  },
  "weighted avg": {
    "precision": 0.7885679903730446,
    "recall": 0.8,
    "f1-score": 0.7897582084422766,
    "support": 1405.0
  },
  "model_name": "LogisticRegression",
  "timestamp": "2026-07-13T00:00:53.874390"
}