{
  "No Churn": {
    "precision": 0.8261253309796999,
    "recall": 0.9060987415295256,
    "f1-score": 0.8642659279778393,
    "support": 1033.0
  },
  "Churn": {
    "precision": 0.6433823529411765,
    "recall": 0.47043010752688175,
    "f1-score": 0.5434782608695652,
    "support": 372.0
  },
  "accuracy": 0.7907473309608541,
  "macro avg": {
    "precision": 0.7347538419604382,
    "recall": 0.6882644245282037,
    "f1-score": 0.7038720944237022,
    "support": 1405.0
  },
  "weighted avg": {
    "precision": 0.7777407133068666,
    "recall": 0.7907473309608541,
    "f1-score": 0.7793313997470365,
    "support": 1405.0
  },
  "model_name": "RandomForest_Tuned",
  "tuning_method": "GridSearchCV",
  "timestamp": "2026-07-12T18:30:33.134194"
}