{
  "No Churn": {
    "precision": 0.8306306306306306,
    "recall": 0.8925459825750242,
    "f1-score": 0.860475968268782,
    "support": 1033.0
  },
  "Churn": {
    "precision": 0.6237288135593221,
    "recall": 0.4946236559139785,
    "f1-score": 0.5517241379310345,
    "support": 372.0
  },
  "accuracy": 0.7871886120996441,
  "macro avg": {
    "precision": 0.7271797220949763,
    "recall": 0.6935848192445013,
    "f1-score": 0.7061000530999082,
    "support": 1405.0
  },
  "weighted avg": {
    "precision": 0.7758495089576578,
    "recall": 0.7871886120996441,
    "f1-score": 0.7787281526918125,
    "support": 1405.0
  },
  "model_name": "GradientBoosting",
  "timestamp": "2026-07-13T00:01:16.722337"
}