{
  "No Churn": {
    "precision": 0.8293333333333334,
    "recall": 0.9031945788964182,
    "f1-score": 0.8646895273401297,
    "support": 1033.0
  },
  "Churn": {
    "precision": 0.6428571428571429,
    "recall": 0.4838709677419355,
    "f1-score": 0.5521472392638037,
    "support": 372.0
  },
  "accuracy": 0.7921708185053381,
  "macro avg": {
    "precision": 0.7360952380952381,
    "recall": 0.6935327733191768,
    "f1-score": 0.7084183833019667,
    "support": 1405.0
  },
  "weighted avg": {
    "precision": 0.7799602779189968,
    "recall": 0.7921708185053381,
    "f1-score": 0.7819381172587111,
    "support": 1405.0
  },
  "model_name": "RandomForest",
  "timestamp": "2026-07-13T00:01:05.024898"
}